cliente_id,oportunidades_copilot,oportunidades_seguranca,vendas_copilot_reais,vendas_seguranca_reais,vendas_total_reais,perfil
CLIENTE-003,10,6,912000.0,156000.0,1068000.0,Ambas
CLIENTE-004,6,9,528000.0,354000.0,882000.0,Ambas
CLIENTE-002,6,5,552000.0,168000.0,720000.0,Ambas
CLIENTE-001,7,1,624000.0,42000.0,666000.0,Ambas
CLIENTE-005,5,6,336000.0,222000.0,558000.0,Ambas
CLIENTE-029,3,2,216000.0,84000.0,300000.0,Ambas
CLIENTE-011,2,0,240000.0,0.0,240000.0,Somente Copilot
CLIENTE-018,2,0,240000.0,0.0,240000.0,Somente Copilot
CLIENTE-024,2,0,240000.0,0.0,240000.0,Somente Copilot
CLIENTE-030,1,1,144000.0,42000.0,186000.0,Ambas
CLIENTE-007,1,1,96000.0,60000.0,156000.0,Ambas
CLIENTE-028,2,1,96000.0,60000.0,156000.0,Ambas
CLIENTE-012,1,0,144000.0,0.0,144000.0,Somente Copilot
CLIENTE-014,1,0,144000.0,0.0,144000.0,Somente Copilot
CLIENTE-022,1,0,144000.0,0.0,144000.0,Somente Copilot
CLIENTE-013,1,0,96000.0,0.0,96000.0,Somente Copilot
CLIENTE-021,1,0,96000.0,0.0,96000.0,Somente Copilot
CLIENTE-026,2,0,96000.0,0.0,96000.0,Somente Copilot
CLIENTE-015,1,1,48000.0,42000.0,90000.0,Ambas
CLIENTE-017,0,2,0.0,90000.0,90000.0,Somente Segurança
CLIENTE-010,2,0,72000.0,0.0,72000.0,Somente Copilot
CLIENTE-023,0,2,0.0,72000.0,72000.0,Somente Segurança
CLIENTE-008,0,1,0.0,60000.0,60000.0,Somente Segurança
CLIENTE-006,1,1,24000.0,30000.0,54000.0,Ambas
CLIENTE-020,0,1,0.0,30000.0,30000.0,Somente Segurança
