oportunidade_id,cliente_id,fechamento,solucao,origem,valor_venda
OP-0001,CLIENTE-002,2026-05-08,COPIOT,Parceiro,144000.00
OP-0002,CLIENTE-005,2026-08-10,COPILOT,Parceiro,24000.00
OP-0003,CLIENTE-030,2026-08-17,COPILOT,Vendas,144000.00
OP-0004,CLIENTE-004,2025-01-05,COPILOT,CS,48000.00
OP-0005,CLIENTE-024,2026-06-27,COPILOT,CS,144000.00
OP-0006,CLIENTE-011,2025-08-22,COPILOT,CS,144000.00
OP-0007,CLIENTE-004,2026-04-22,COPILOT,CS,144000.00
OP-0008,CLIENTE-003,2026-01-17,COPILOT,Parceiro,144000.00
OP-0009,CLIENTE-014,2025-06-21,COPILOT,Vendas,144000.00
OP-0010,CLIENTE-029,2026-04-06,COPILOT,CS,24000.00
OP-0011,CLIENTE-006,2025-02-15,COPILOT,CS,24000.00
OP-0012,CLIENTE-003,2025-03-08,COPILOT,CS,96000.00
OP-0013,CLIENTE-007,2025-03-14,COPILOT,Parceiro,96000.00
OP-0014,CLIENTE-001,2026-03-23,COPILOT,Parceiro,24000.00
OP-0015,CLIENTE-024,2026-03-16,COPILOT,Parceiro,96000.00
OP-0016,CLIENTE-015,2025-01-09,COPILOT,Parceiro,48000.00
OP-0017,CLIENTE-003,2025-02-14,COPILOT,CS,144000.00
OP-0018,CLIENTE-004,2025-06-24,COPILOT,Vendas,48000.00
OP-0019,CLIENTE-001,2025-02-08,COPILOT,Parceiro,24000.00
OP-0020,CLIENTE-001,2026-02-12,COPILOT,CS,144000.00
OP-0021,CLIENTE-022,2026-03-14,COPILOT,CS,144000.00
OP-0022,CLIENTE-003,2025-05-19,COPILOT,CS,48000.00
OP-0023,CLIENTE-002,2025-07-18,COPILOT,Parceiro,96000.00
OP-0024,CLIENTE-026,2025-05-12,COPILOT,CS,48000.00
OP-0025,CLIENTE-002,2025-02-09,COPILOT,CS,48000.00
OP-0026,CLIENTE-026,2025-02-02,COPILOT,Vendas,48000.00
OP-0027,CLIENTE-002,2025-03-04,COPILOT,CS,144000.00
OP-0028,CLIENTE-028,2026-04-16,COPILOT,CS,48000.00
OP-0029,CLIENTE-005,2025-06-16,COPILOT,CS,96000.00
OP-0030,CLIENTE-001,2025-02-09,COPILOT,CS,144000.00
OP-0031,CLIENTE-001,2025-01-08,COPILOT,CS,144000.00
OP-0032,CLIENTE-005,2025-04-27,COPILOT,Parceiro,144000.00
OP-0033,CLIENTE-029,2026-08-20,COPILOT,CS,144000.00
OP-0034,CLIENTE-028,2026-06-14,COPILOT,CS,48000.00
OP-0035,CLIENTE-001,2025-06-10,COPILOT,Parceiro,48000.00
OP-0036,CLIENTE-012,2025-05-09,COPILOT,CS,144000.00
OP-0037,CLIENTE-004,2026-01-01,COPILOT,Vendas,48000.00
OP-0038,CLIENTE-003,2025-07-10,COPILOT,CS,96000.00
OP-0039,CLIENTE-003,2026-05-02,COPILOT,Parceiro,24000.00
OP-0040,CLIENTE-001,2026-06-01,COPILOT,Vendas,96000.00
OP-0041,CLIENTE-021,2025-05-04,COPILOT,CS,96000.00
OP-0042,CLIENTE-010,2026-08-06,COPILOT,Parceiro,48000.00
OP-0043,CLIENTE-004,2026-08-13,COPILOT,Vendas,96000.00
OP-0044,CLIENTE-011,2025-01-05,COPILOT,CS,96000.00
OP-0045,CLIENTE-003,2026-07-01,COPILOT,CS,96000.00
OP-0046,CLIENTE-018,2025-01-07,COPILOT,Parceiro,144000.00
OP-0047,CLIENTE-013,2026-03-03,COPILOT,CS,96000.00
OP-0048,CLIENTE-003,2025-03-01,COPILOT,CS,96000.00
OP-0049,CLIENTE-029,2025-03-19,COPILOT,Parceiro,48000.00
OP-0050,CLIENTE-005,2025-01-17,COPILOT,Vendas,48000.00
OP-0051,CLIENTE-003,2026-08-06,COPILOT,Parceiro,24000.00
OP-0052,CLIENTE-003,2026-03-27,COPILOT,CS,144000.00
OP-0053,CLIENTE-018,2025-04-02,COPILOT,Vendas,96000.00
OP-0054,CLIENTE-004,2025-07-14,COPILOT,Parceiro,144000.00
OP-0055,CLIENTE-005,2025-07-25,COPILOT,Parceiro,24000.00
OP-0056,CLIENTE-010,2026-02-01,COPILOT,CS,24000.00
OP-0057,CLIENTE-002,2025-01-26,COPILOT,Parceiro,96000.00
OP-0058,CLIENTE-002,2026-07-22,COPILOT,CS,24000.00
OP-0059,CLIENTE-002,2025-05-18,DATA SECURITY,CS,30000.00
OP-0060,CLIENTE-003,2025-03-22,DATA SECURITY,CS,18000.00
OP-0061,CLIENTE-004,2026-01-12,DATA SECURITY,CS,60000.00
OP-0062,CLIENTE-003,2026-06-17,DATA SECURITY,Vendas,18000.00
OP-0063,CLIENTE-008,2026-08-13,DATA SECURITY,CS,60000.00
OP-0064,CLIENTE-005,2025-03-06,DATA SECURITY,CS,30000.00
OP-0065,CLIENTE-003,2026-08-17,DATA SECURITY,Parceiro,42000.00
OP-0066,CLIENTE-004,2026-06-23,DATA SECURITY,CS,42000.00
OP-0067,CLIENTE-005,2026-07-17,DATA SECURITY,CS,30000.00
OP-0068,CLIENTE-030,2026-06-06,DATA SECURITY,CS,42000.00
OP-0069,CLIENTE-023,2026-05-19,DATA SECURITY,CS,42000.00
OP-0070,CLIENTE-004,2026-04-11,DATA SECURITY,Vendas,18000.00
OP-0071,CLIENTE-004,2025-03-06,DATA SECURITY,CS,18000.00
OP-0072,CLIENTE-002,2025-08-10,DATA SECURITY,CS,30000.00
OP-0073,CLIENTE-005,2025-01-15,DATA SECURITY,CS,60000.00
OP-0074,CLIENTE-002,2026-04-02,DATA SECURITY,Parceiro,18000.00
OP-0075,CLIENTE-004,2026-05-03,DATA SECURITY,CS,18000.00
OP-0076,CLIENTE-004,2026-02-16,DATA SECURITY,Parceiro,60000.00
OP-0077,CLIENTE-029,2025-08-12,DATA SECURITY,Parceiro,42000.00
OP-0078,CLIENTE-002,2025-02-13,DATA SECURITY,CS,60000.00
OP-0079,CLIENTE-029,2026-03-17,DATA SECURITY,CS,42000.00
OP-0080,CLIENTE-017,2026-01-25,DATA SECURITY,CS,60000.00
OP-0081,CLIENTE-005,2025-01-21,DATA SECURITY,CS,18000.00
OP-0082,CLIENTE-001,2026-08-10,DATA SECURITY,CS,42000.00
OP-0083,CLIENTE-004,2025-02-26,THREAT PROTECTION,CS,60000.00
OP-0084,CLIENTE-020,2025-02-12,THREAT PROTECTION,CS,30000.00
OP-0085,CLIENTE-004,2025-05-09,THREAT PROTECTION,Vendas,18000.00
OP-0086,CLIENTE-004,2025-08-15,THREAT PROTECTION,Parceiro,60000.00
OP-0087,CLIENTE-005,2025-02-16,THREAT PROTECTION,CS,42000.00
OP-0088,CLIENTE-015,2026-03-12,THREAT PROTECTION,CS,42000.00
OP-0089,CLIENTE-023,2026-02-04,THREAT PROTECTION,CS,30000.00
OP-0090,CLIENTE-003,2025-06-15,THREAT PROTECTION,CS,18000.00
OP-0091,CLIENTE-028,2025-07-11,THREAT PROTECTION,CS,60000.00
OP-0092,CLIENTE-007,2025-02-02,THREAT PROTECTION,CS,60000.00
OP-0093,CLIENTE-002,2026-08-23,THREAT PROTECTION,Vendas,30000.00
OP-0094,CLIENTE-003,2025-06-18,THREAT PROTECTION,Vendas,30000.00
OP-0095,CLIENTE-017,2026-07-22,THREAT PROTECTION,Parceiro,30000.00
OP-0096,CLIENTE-003,2026-05-25,THREAT PROTECTION,Vendas,30000.00
OP-0097,CLIENTE-006,2026-02-04,THREAT PROTECTION,Vendas,30000.00
OP-0098,CLIENTE-005,2025-05-13,THREAT PROTECTION,CS,42000.00
OP-0099,CLIENTE-004,2026-05-13,CPOR,CS,0.00
OP-0100,CLIENTE-028,2025-08-10,CPOR,Vendas,0.00
OP-0101,CLIENTE-002,2025-04-03,CPOR,CS,0.00
OP-0102,CLIENTE-001,2025-07-15,CPOR,CS,0.00
OP-0103,CLIENTE-019,2026-01-04,CPOR,Parceiro,0.00
OP-0104,CLIENTE-028,2025-03-07,CPOR,CS,0.00
OP-0105,CLIENTE-005,2026-07-03,CPOR,Parceiro,0.00
OP-0106,CLIENTE-028,2026-07-09,CPOR,CS,0.00
OP-0107,CLIENTE-018,2026-04-08,CPOR,CS,0.00
OP-0108,CLIENTE-020,2026-03-16,CPOR,Vendas,0.00
OP-0109,CLIENTE-003,2026-06-17,CPOR,CS,0.00
OP-0110,CLIENTE-004,2026-01-23,CPOR,CS,0.00
OP-0111,CLIENTE-002,2026-06-24,PAL,CS,0.00
OP-0112,CLIENTE-005,2026-03-07,PAL,CS,0.00
OP-0113,CLIENTE-001,2025-02-06,PAL,Vendas,0.00
OP-0114,CLIENTE-005,2025-02-20,PAL,CS,0.00
OP-0115,CLIENTE-018,2026-03-22,PAL,CS,0.00
OP-0116,CLIENTE-003,2026-04-19,PAL,Vendas,0.00
OP-0117,CLIENTE-021,2026-03-27,PAL,CS,0.00
OP-0118,CLIENTE-026,2025-08-16,PAL,Parceiro,0.00
OP-0119,CLIENTE-029,2025-04-08,PAL,CS,0.00
OP-0120,CLIENTE-014,2025-06-09,PAL,CS,0.00
